{
    "Player": {
        "DashSpeed": 5.0,
        "EndArm_0": [
            5.400000095367432,
            0.0,
            0.0
        ],
        "EndArm_1": [
            -1.5800000429153442,
            0.9200000166893005,
            -1.8600000143051147
        ],
        "EndArm_2": [
            -1.25,
            -1.159999966621399,
            2.509999990463257
        ],
        "EndWeapon_0": [
            1.5740000009536743,
            0.0,
            0.0
        ],
        "EndWeapon_1": [
            3.0799999237060547,
            -1.8200000524520874,
            -1.659999966621399
        ],
        "EndWeapon_2": [
            0.20999999344348907,
            5.130000114440918,
            -1.159999966621399
        ],
        "StartArm_0": [
            2.5,
            0.0,
            0.0
        ],
        "StartArm_1": [
            -1.5800000429153442,
            0.9200000166893005,
            0.0
        ],
        "StartArm_2": [
            -1.25,
            -1.159999966621399,
            -0.36000001430511475
        ],
        "StartWeapon_0": [
            -0.20000000298023224,
            0.0,
            0.0
        ],
        "StartWeapon_1": [
            3.0799999237060547,
            -1.190000057220459,
            -1.659999966621399
        ],
        "StartWeapon_2": [
            0.20999999344348907,
            3.940000057220459,
            -1.7400000095367432
        ]
    }
}
