{
    "Wire": {
        "ReticleSpeed": 0.800000011920929,
        "Stiffness": 2.0,
        "Dampar": 0.10000000149011612,
        "LimitLength": 20.0,
        "SegmentLength": 1.0,
        "MaxLines": 100
    }
}
